<hackpackage>
  <name>Display current URL</name>
  <identifier>displayUrl</identifier>
  <description>Displays the URL of the current page so you can use it other Hacks</description>
  <version>1.0</version>
  <targetVersionMin>9.1.10</targetVersionMin>
  <targetVersionMax>9.1.10</targetVersionMax>
  <developerName>Wiley Fuller</developerName>
  <developerInstitution>Swinburne University</developerInstitution>
  <developerURL>http://www.swinburne.edu.au/</developerURL>
  <developerEmail>wfuller@swin.edu.au</developerEmail>
  <hook>tag.learningSystemPage.start</hook>
  <restrictions/>
  <resources/>
</hackpackage>