<hackpackage>
  <name>Disable Announcement Push</name>
  <identifier>noannouncepush</identifier>
  <description>Hides the &quot;Send a copy of this announcement immediately&quot; option when posting an announcement</description>
  <version>v1.0</version>
  <targetVersionMin>v9.1SP8</targetVersionMin>
  <developerName>Shane Argo</developerName>
  <developerInstitution>University of the Sunshine Coast</developerInstitution>
  <developerURL>http://www.usc.edu.au/</developerURL>
  <developerEmail>sargo@usc.edu.au</developerEmail>
  <hook>tag.learningSystemPage.start</hook>
  <restrictions>
    <restriction>
      <type>URL</type>
      <value>.*/webapps/blackboard/execute/announcement|.*/webapps/blackboard/announcements/edit_announcement.jsp</value>
      <inverse>false</inverse>
    </restriction>
  </restrictions>
  <resources/>
</hackpackage>