<hackpackage>
  <name>Fix Bulk Group Export links</name>
  <identifier>fix-group-export-lnk</identifier>
  <description>Fixes the export links in the Bulk Group Manager so that they actually work.</description>
  <version>1.0</version>
  <targetVersionMin>9.1.10</targetVersionMin>
  <targetVersionMax>9.1.12</targetVersionMax>
  <developerName>Wiley Fuller</developerName>
  <developerInstitution>Swinburne University of Technology</developerInstitution>
  <developerURL>http://www.swinburne.edu.au</developerURL>
  <developerEmail>wfuller@swin.edu.au</developerEmail>
  <hook>tag.learningSystemPage.start</hook>
  <restrictions>
    <restriction>
      <type>URL</type>
      <value>.*/webapps/bb-group-[^\\]+/bulk/ExportGroups.jsp.*</value>
      <inverse>false</inverse>
    </restriction>
  </restrictions>
  <resources/>
</hackpackage>