<hackpackage>
  <name>Warn about MSO tags</name>
  <identifier>warnmso</identifier>
  <description>When text is pasted into the VTBE with microsoft office markup in it, a warning is given to the user.</description>
  <developerName>Shane Argo</developerName>
  <developerInstitution>University of the Sunshine Coast</developerInstitution>
  <developerURL>http://www.usc.edu.au</developerURL>
  <developerEmail>sargo@usc.edu.au</developerEmail>
  <hook>tag.learningSystemPage.start</hook>
  <restrictions/>
  <resources>
    <resource>
      <path>warnmso.css</path>
      <mime>text/css</mime>
      <embed>false</embed>
    </resource>
    <resource>
      <path>dialog-important-2.png</path>
      <mime>image/png</mime>
      <embed>false</embed>
    </resource>
    <resource>
      <path>warnmso.js</path>
      <mime>text/javascript</mime>
      <embed>false</embed>
    </resource>
  </resources>
</hackpackage>