<hackpackage>
  <name>Default Running Total Off</name>
  <identifier>runningtotaloff</identifier>
  <description>When creating a new column in the grade centre, the default value for running total is changed to &quot;No&quot;.</description>
  <version>1.0</version>
  <targetVersionMin>9.1.10</targetVersionMin>
  <targetVersionMax>9.1.10</targetVersionMax>
  <developerName>Shane Argo</developerName>
  <developerInstitution>University of the Sunshine Coast</developerInstitution>
  <developerURL>http://www.usc.edu.au/</developerURL>
  <developerEmail>sargo@usc.edu.au</developerEmail>
  <hook>tag.learningSystemPage.start</hook>
  <restrictions>
    <restriction>
      <type>URL</type>
      <value>.*/webapps/gradebook/gradebook2/instructor/manage_cumulative_item.*</value>
      <inverse>false</inverse>
    </restriction>
    <restriction>
      <type>REQUEST_PARAMETER</type>
      <value>dispatch=addModifyFormulaItem</value>
      <inverse>false</inverse>
    </restriction>
    <restriction>
      <type>ADVANCED</type>
      <value>context.getRequestParameter(&quot;itemId&quot;) == null</value>
      <inverse>false</inverse>
    </restriction>
  </restrictions>
  <resources/>
</hackpackage>