<hackpackage>
  <name>Prevent mixed mode links</name>
  <identifier>preventmixedmode</identifier>
  <description>Prevents mixed mode linked by rewriting hrefs to insecure resources to open in new windows/tabs.</description>
  <version>v1.1</version>
  <targetVersionMin>v9.1SP8</targetVersionMin>
  <developerName>Shane Argo</developerName>
  <developerInstitution>University of the Sunshine Coast</developerInstitution>
  <developerURL>http://www.usc.edu.au/</developerURL>
  <developerEmail>sargo@usc.edu.au</developerEmail>
  <hook>tag.learningSystemPage.start</hook>
  <restrictions/>
  <resources/>
</hackpackage>