<hackpackage>
  <name>Strip empty DIVs from discussions</name>
  <identifier>stripdivs</identifier>
  <description>Removes empty DIV elements from the HTML submitted whilst posting on a discussion forum.</description>
  <version>v1.0</version>
  <targetVersionMin>v9.1SP10</targetVersionMin>
  <developerName>Shane Argo</developerName>
  <developerInstitution>University of the Sunshine Coast</developerInstitution>
  <developerURL>http://www.usc.edu.au/</developerURL>
  <developerEmail>sargo@usc.edu.au</developerEmail>
  <hook>tag.learningSystemPage.start</hook>
  <restrictions>
    <restriction>
      <type>URL</type>
      <value>.*/webapps/discussionboard/message/message_edit.jsp|.*/webapps/discussionboard/do/message</value>
      <inverse>false</inverse>
    </restriction>
  </restrictions>
  <resources/>
</hackpackage>