<hackpackage>
  <name>Print This Page</name>
  <identifier>printthisframe</identifier>
  <description>Prints the contents of the main content frame</description>
  <version>1.0</version>
  <targetVersionMin>9.1.10</targetVersionMin>
  <targetVersionMax>9.1.10</targetVersionMax>
  <developerName>Wiley Fuller</developerName>
  <developerInstitution>Swinburne University</developerInstitution>
  <developerURL>http://www.swin.edu.au</developerURL>
  <developerEmail>wfuller@swin.edu.au</developerEmail>
  <hook>tag.learningSystemPage.start</hook>
  <restrictions/>
  <resources>
    <resource>
      <path>printer32.png</path>
      <mime>image/png</mime>
      <embed>false</embed>
    </resource>
  </resources>
</hackpackage>