<hackpackage>
  <name>HTML5 File Upload</name>
  <identifier>html5upload</identifier>
  <description>Allows uploading to the content collection without Java</description>
  <targetVersionMin>9.1.10</targetVersionMin>
  <targetVersionMax>9.1.10</targetVersionMax>
  <developerName>Wiley Fuller</developerName>
  <developerInstitution>Swinburne University</developerInstitution>
  <developerURL>http://www.swinburne.edu.au/</developerURL>
  <developerEmail>wfuller@swin.edu.au</developerEmail>
  <hook>tag.learningSystemPage.start</hook>
  <restrictions>
    <restriction>
      <type>URL</type>
      <value>.+/webapps/cmsmain/webui/.+</value>
      <inverse>false</inverse>
    </restriction>
  </restrictions>
  <resources/>
</hackpackage>