<hackpackage>
  <name>Gradebook Column Name protector</name>
  <identifier>gbcolprotect</identifier>
  <description>Prevents users from editing the name of gradebook columns.</description>
  <version>1.0</version>
  <targetVersionMin>9.1.10</targetVersionMin>
  <targetVersionMax>9.1.10</targetVersionMax>
  <developerName>Wiley Fuller</developerName>
  <developerInstitution>Swinburne University</developerInstitution>
  <developerURL>http://www.swinburne.edu.au/</developerURL>
  <developerEmail>wfuller@swin.edu.au</developerEmail>
  <hook>tag.learningSystemPage.start</hook>
  <restrictions>
    <restriction>
      <type>URL</type>
      <value>.*/webapps/gradebook/gradebook2/instructor/addModifyItemDefinition.*</value>
      <inverse>false</inverse>
    </restriction>
  </restrictions>
  <resources>
    <resource>
      <path>lock.png</path>
      <mime>image/png</mime>
      <embed>false</embed>
    </resource>
  </resources>
</hackpackage>