<?xml version="1.0" encoding="UTF-8"?>
<!--
    Author     : Shane Argo <sargo@usc.edu.au>
    Copyright University of the Sunshine Coast, 2013.
-->
<manifest>
  <plugin>
    <name value="Rendering Hook Example"/>
    <handle value="renderinghookexample"/>
    <description value="Demonstrates the use of blackboard.servlet.renderinghook.RenderingHook."/>
    <default-locale value="en_GB" />
    <webapp-type value="javaext" />
    <version value="1.0"/>
    <requires>
      <bbversion value="9.1"/>
    </requires>
    <vendor>
      <id value="oslt"/>
      <name value="Oscelot"/>
      <url value="http://www.oscelot.org/"/>
      <description value="Oscelot"/>
    </vendor>
    
    <http-actions>
    </http-actions>
    
    <extension-defs>
      <definition namespace="org.oscelot">
        <extension id="myRenderingHook"
                   point="blackboard.platform.renderingHook"
                   class="org.oscelot.renderinghookexample.MyRenderingHook"
                   singleton="true" />
      </definition>
    </extension-defs>

    <application-defs>
    </application-defs>

    <entitlements>
    </entitlements>

    <permissions>
    </permissions>
  </plugin>
</manifest>
