<hackpackage>
  <name>Permalink</name>
  <identifier>permalink</identifier>
  <description>Insert a Permalink link into the top frame.</description>
  <version>1.2</version>
  <targetVersionMin>9.1.10</targetVersionMin>
  <developerName>Shane Argo</developerName>
  <developerInstitution>University of the Sunshine Coast</developerInstitution>
  <developerURL>http://www.usc.edu.au/</developerURL>
  <developerEmail>sargo@usc.edu.au</developerEmail>
  <hook>jsp.frameset.start</hook>
  <restrictions/>
  <resources>
    <resource>
      <path>permalink.css</path>
      <mime>text/css</mime>
      <embed>false</embed>
    </resource>
    <resource>
      <path>permalink.js</path>
      <mime>text/javascript</mime>
      <embed>false</embed>
    </resource>
  </resources>
</hackpackage>