<hackpackage>
  <name>DisableCollaborateRecordingDoubleclick</name>
  <identifier>convertdoubleclick</identifier>
  <description>Prevents instructors from clicking twice on the Convert link, that causes https://blackboard.secure.force.com/btbb_articleview?id=kA370000000H6zz</description>
  <version>0.2</version>
  <targetVersionMin>9.1.*</targetVersionMin>
  <targetVersionMax>9.1.*</targetVersionMax>
  <developerName>Angelo Rossi</developerName>
  <developerInstitution>Blackboard, Service Delivery</developerInstitution>
  <developerURL>http://www.blackboard.com</developerURL>
  <developerEmail>angelo.rossi@blackboard.com</developerEmail>
  <hook>tag.learningSystemPage.start</hook>
  <restrictions>
    <restriction>
      <type>URL</type>
      <value>.*/webapps/bb-collaborate-BBLEARN/list*</value>
      <inverse>false</inverse>
    </restriction>
  </restrictions>
  <resources/>
</hackpackage>