<hackpackage>
  <name>Hide content collection for students</name>
  <identifier>hidecc</identifier>
  <description>Hides the &quot;Browse Content Collection&quot; button on all pages for students</description>
  <version>v1.1</version>
  <targetVersionMin>v9.1SP8</targetVersionMin>
  <developerName>Shane Argo</developerName>
  <developerInstitution>University of the Sunshine Coast</developerInstitution>
  <developerURL>http://www.usc.edu.au/</developerURL>
  <developerEmail>sargo@usc.edu.au</developerEmail>
  <hook>tag.learningSystemPage.start</hook>
  <restrictions>
    <restriction>
      <type>COURSE_ROLE</type>
      <value>S</value>
      <inverse>false</inverse>
    </restriction>
  </restrictions>
  <resources>
    <resource>
      <path>hidecc.js</path>
      <mime>text/html</mime>
      <embed>false</embed>
    </resource>
  </resources>
</hackpackage>