<hackpackage>
  <name>Availability Notice Scroller</name>
  <identifier>availabilityscroller</identifier>
  <description>When used in conjunction with the &apos;Availability Notice&apos; package, this package scrolls the user to the correct section on the properties page and highlights the course availability radio buttons.</description>
  <version>1.0</version>
  <targetVersionMin>9.1.8</targetVersionMin>
  <developerName>Shane Argo</developerName>
  <developerInstitution>University of the Sunshine Coast</developerInstitution>
  <developerURL>http://www.usc.edu.au</developerURL>
  <developerEmail>sargo@usc.edu.au</developerEmail>
  <hook>tag.learningSystemPage.start</hook>
  <restrictions>
    <restriction>
      <type>REQUEST_PARAMETER</type>
      <value>sentFromAvailabilityNotice=true</value>
      <inverse>false</inverse>
    </restriction>
    <restriction>
      <type>URL</type>
      <value>(.*/webapps/blackboard/cp/edit_course_properties\.jsp|.*/webapps/blackboard/execute/cp/courseProperties)</value>
      <inverse>false</inverse>
    </restriction>
  </restrictions>
  <resources>
    <resource>
      <path>arrow.png</path>
      <mime>image/png</mime>
      <embed>false</embed>
    </resource>
    <resource>
      <path>availabilityscroller.js</path>
      <mime>text/javascript</mime>
      <embed>false</embed>
    </resource>
    <resource>
      <path>availabilityscroller.css</path>
      <mime>text/css</mime>
      <embed>false</embed>
    </resource>
  </resources>
</hackpackage>