<hackpackage>
  <name>Insert Retake Test Button</name>
  <identifier>retaketest</identifier>
  <description>Inserts a buttons on the page displayed to students when attempting to take an additional attempt of a test that is clearer than the inline text link.</description>
  <version>1.2</version>
  <targetVersionMin>9.1.8</targetVersionMin>
  <developerName>Shane Argo</developerName>
  <developerInstitution>University of the Sunshine Coast</developerInstitution>
  <developerURL>http://www.usc.edu.au</developerURL>
  <developerEmail>sargo@usc.edu.au</developerEmail>
  <hook>tag.learningSystemPage.start</hook>
  <restrictions>
    <restriction>
      <type>URL</type>
      <value>.*/webapps/assessment/take/launch.jsp</value>
      <inverse>false</inverse>
    </restriction>
  </restrictions>
  <resources>
    <resource>
      <path>retaketest.js</path>
      <mime>text/javascript</mime>
      <embed>false</embed>
    </resource>
  </resources>
</hackpackage>