<hackpackage>
  <name>Availability Notice</name>
  <identifier>availabilitynotice</identifier>
  <description>A banner that is inserted at the top of Course Pages, which notifies instructors that their course is not available to students.</description>
  <version>1.1</version>
  <targetVersionMin>9.1.8</targetVersionMin>
  <targetVersionMax>9.1.10</targetVersionMax>
  <developerName>Wiley Fuller</developerName>
  <developerInstitution>Swinburne University</developerInstitution>
  <developerURL>http://www.swinburne.edu.au/</developerURL>
  <developerEmail>wfuller@swin.edu.au</developerEmail>
  <hook>tag.learningSystemPage.start</hook>
  <restrictions>
    <restriction>
      <type>COURSE_AVAILABILITY</type>
      <value>false</value>
      <inverse>false</inverse>
    </restriction>
    <restriction>
      <type>ENTITLEMENT</type>
      <value>course.availability.MODIFY</value>
      <inverse>false</inverse>
    </restriction>
  </restrictions>
  <resources>
    <resource>
      <path>warning.gif</path>
      <mime>image/gif</mime>
      <embed>false</embed>
    </resource>
    <resource>
      <path>cookies.js</path>
      <mime>text/plain</mime>
      <embed>false</embed>
    </resource>
  </resources>
</hackpackage>